"(0.0, 0.0, 0.0)","(1.3515183925628662, 13.091509819030762, 1.0)"
"(0.0, 0.0, 0.0)","(1.3515183925628662, 13.091509819030762, 1.0)"
"(0.0, 0.0, 0.0)","(1.3515183925628662, 13.091509819030762, 0.9977049231529236)"
"(0.0, 0.0, 0.0)","(1.3515183925628662, 13.091509819030762, 0.9977049231529236)"
"(0.0, 0.0, 0.0)","(1.3515183925628662, 13.091509819030762, 0.9977049231529236)"
"(0.0, 0.0, 0.0)","(1.3515183925628662, 13.091509819030762, 0.9977049231529236)"
"(0.0, 0.0, 0.0)","(1.3515183925628662, 13.091509819030762, 0.9977049231529236)"
"(0.0, 0.0, 0.0)","(1.3515183925628662, 13.091509819030762, 0.9977049231529236)"
"(0.0, 0.0, 0.0)","(1.3515183925628662, 13.091509819030762, 0.9977049231529236)"
"(0.0, 0.0, 0.0)","(1.3515183925628662, 13.091509819030762, 0.9977049231529236)"
"(0.0, 0.0, 0.0)","(1.3515183925628662, 13.091509819030762, 0.9977049231529236)"
"(0.0, 0.0, 0.0)","(1.3515183925628662, 13.091509819030762, 0.9977049231529236)"
"(0.0, 0.0, 0.0)","(1.3515183925628662, 13.091509819030762, 0.9977049231529236)"
"(0.0, 0.0, 0.0)","(1.3515183925628662, 13.091509819030762, 0.9977049231529236)"
"(0.0, 0.0, 0.0)","(1.3515183925628662, 13.091509819030762, 0.9977049231529236)"
"(0.0, 0.0, 0.0)","(1.3515183925628662, 13.091509819030762, 0.9977049231529236)"
"(0.0, 0.0, 0.0)","(1.7727123498916626, 13.18553638458252, 0.9977038502693176)"
"(0.0, 0.0, 0.0)","(2.3933815956115723, 13.324173927307129, 0.9977906942367554)"
"(0.0, 0.0, 0.0)","(3.0089964866638184, 13.461601257324219, 0.9977049231529236)"
"(0.0, 0.0, 0.0)","(3.6197195053100586, 13.597931861877441, 0.9975807666778564)"
"(0.0, 0.0, 0.0)","(4.225470066070557, 13.733162879943848, 0.9976915717124939)"
"(0.0, 0.0, 0.0)","(4.826396465301514, 13.867328643798828, 0.997703492641449)"
"(0.0, 0.0, 0.0)","(5.422459602355957, 14.000418663024902, 0.997704803943634)"
"(0.0, 0.0, 0.0)","(6.013656139373779, 14.132433891296387, 0.9977049231529236)"
"(0.0, 0.0, 0.0)","(6.599985599517822, 14.263372421264648, 0.9977049231529236)"
"(0.0, 0.0, 0.0)","(7.181448459625244, 14.39323616027832, 0.9977049231529236)"
"(0.0, 0.0, 0.0)","(7.758044242858887, 14.522024154663086, 0.9977049231529236)"
"(0.0, 0.0, 0.0)","(8.329739570617676, 14.649725914001465, 0.9977797865867615)"
"(0.0, 0.0, 0.0)","(8.896635055541992, 14.776339530944824, 0.9977049231529236)"
"(0.0, 0.0, 0.0)","(9.458630561828613, 14.901871681213379, 0.9977049231529236)"
"(0.0, 0.0, 0.0)","(10.01576042175293, 15.026328086853027, 0.9977049231529236)"
"(0.0, 0.0, 0.0)","(10.568024635314941, 15.149702072143555, 0.9977049231529236)"
"(0.0, 0.0, 0.0)","(11.115424156188965, 15.271981239318848, 0.9977049231529236)"
"(0.0, 0.0, 0.0)","(11.657958030700684, 15.393186569213867, 0.9977049231529236)"
"(0.0, 0.0, 0.0)","(12.195627212524414, 15.513317108154297, 0.9977049231529236)"
"(0.0, 0.0, 0.0)","(12.728431701660156, 15.632372856140137, 0.9977049231529236)"
"(0.0, 0.0, 0.0)","(13.25637149810791, 15.750353813171387, 0.9977049231529236)"
"(0.0, 0.0, 0.0)","(13.779447555541992, 15.867260932922363, 0.9977049231529236)"
"(0.0, 0.0, 0.0)","(14.297632217407227, 15.983080863952637, 0.9977654218673706)"
"(0.0, 0.0, 0.0)","(14.811004638671875, 16.097789764404297, 0.9977049231529236)"
"(0.0, 0.0, 0.0)","(15.319486618041992, 16.2114200592041, 0.9977049231529236)"
"(0.0, 0.0, 0.0)","(15.823104858398438, 16.323976516723633, 0.9977049231529236)"
"(0.0, 0.0, 0.0)","(16.32185935974121, 16.435461044311523, 0.9977049231529236)"
"(0.0, 0.0, 0.0)","(16.815752029418945, 16.54587173461914, 0.9977049231529236)"
"(0.0, 0.0, 0.0)","(17.30478286743164, 16.655208587646484, 0.9977049231529236)"
"(0.0, 0.0, 0.0)","(17.788949966430664, 16.763473510742188, 0.9977049231529236)"
"(0.0, 0.0, 0.0)","(18.26850700378418, 16.8707275390625, 0.9971351623535156)"
"(0.0, 0.0, 0.0)","(18.7427921295166, 16.976835250854492, 0.9974886178970337)"
"(0.0, 0.0, 0.0)","(19.212360382080078, 17.081899642944336, 0.997520923614502)"
"(0.0, 0.0, 0.0)","(19.67702865600586, 17.185882568359375, 0.9976381659507751)"
"(0.0, 0.0, 0.0)","(20.136859893798828, 17.28879737854004, 0.9976977705955505)"
"(0.0, 0.0, 0.0)","(20.59203338623047, 17.390684127807617, 0.99730384349823)"
"(0.0, 0.0, 0.0)","(21.042057037353516, 17.491432189941406, 0.997562825679779)"
"(0.0, 0.0, 0.0)","(21.48819923400879, 17.591323852539062, 0.9975718259811401)"
"(0.0, 0.0, 0.0)","(21.93387794494629, 17.691112518310547, 0.9976906180381775)"
"(0.0, 0.0, 0.0)","(22.37953758239746, 17.790897369384766, 0.9977033734321594)"
"(0.0, 0.0, 0.0)","(22.825178146362305, 17.89067840576172, 0.9977047443389893)"
"(0.0, 0.0, 0.0)","(23.270797729492188, 17.990453720092773, 0.9977049231529236)"
"(0.0, 0.0, 0.0)","(23.71639633178711, 18.090225219726562, 0.9977049231529236)"
"(0.0, 0.0, 0.0)","(24.161975860595703, 18.189990997314453, 0.9976352453231812)"
"(0.0, 0.0, 0.0)","(24.607534408569336, 18.289752960205078, 0.9974768757820129)"
"(0.0, 0.0, 0.0)","(25.053071975708008, 18.389511108398438, 0.9975343942642212)"
"(0.0, 0.0, 0.0)","(25.498579025268555, 18.489234924316406, 0.9977362155914307)"
"(0.0, 0.0, 0.0)","(25.944082260131836, 18.588891983032227, 0.9974679946899414)"
"(0.0, 0.0, 0.0)","(26.389556884765625, 18.68850326538086, 0.9977049231529236)"
"(0.0, 0.0, 0.0)","(26.834972381591797, 18.787996292114258, 0.9977049231529236)"
"(0.0, 0.0, 0.0)","(27.280406951904297, 18.887413024902344, 0.9977049231529236)"
"(0.0, 0.0, 0.0)","(27.725820541381836, 18.98682403564453, 0.9977049231529236)"
"(0.0, 0.0, 0.0)","(28.171215057373047, 19.086231231689453, 0.9977049231529236)"
"(-3.6200907230377197, -1.7047101259231567, 1.4623165130615234)","(28.616588592529297, 19.18563461303711, 0.9977049231529236)"
"(-7.4506072998046875, -3.897399663925171, 3.029829978942871)","(29.061376571655273, 19.285017013549805, 1.0040048360824585)"
"(-11.281124114990234, -6.090089321136475, 4.586454391479492)","(29.504817962646484, 19.384361267089844, 1.0179259777069092)"
"(-15.111640930175781, -8.2827787399292, 6.132190227508545)","(29.9482364654541, 19.483701705932617, 1.0209577083587646)"
"(-18.942157745361328, -10.475468635559082, 7.667037010192871)","(30.391633987426758, 19.58303451538086, 1.0131007432937622)"
"(-22.772674560546875, -12.668157577514648, 9.190995216369629)","(30.834840774536133, 19.682397842407227, 0.998994767665863)"
"(-26.603191375732422, -14.860847473144531, 10.704063415527344)","(31.277633666992188, 19.781536102294922, 0.9976178407669067)"
"(-30.43370819091797, -17.053537368774414, 12.206243515014648)","(31.72000503540039, 19.880596160888672, 1.0026427507400513)"
"(-34.264225006103516, -19.246227264404297, 13.697535514831543)","(32.16141891479492, 19.979476928710938, 1.012176275253296)"
"(-38.09474182128906, -21.438915252685547, 15.177937507629395)","(32.60280990600586, 20.078353881835938, 1.010820746421814)"
"(-41.92525863647461, -23.63160514831543, 16.647451400756836)","(33.043907165527344, 20.177244186401367, 1.0023447275161743)"
"(-45.755775451660156, -25.824295043945312, 18.106075286865234)","(33.48384475708008, 20.27621841430664, 0.9984269142150879)"
"(-49.5862922668457, -28.016984939575195, 19.55381202697754)","(33.92306900024414, 20.375337600708008, 0.9994806051254272)"
"(-53.41680908203125, -30.209674835205078, 20.990657806396484)","(34.36144256591797, 20.473947525024414, 1.0060431957244873)"
"(-57.2473258972168, -32.40236282348633, 22.416616439819336)","(34.7997932434082, 20.572555541992188, 1.0017168521881104)"
"(-61.077842712402344, -34.595054626464844, 23.831684112548828)","(35.237728118896484, 20.670745849609375, 1.000571370124817)"
"(-64.90835571289062, -36.787742614746094, 25.235864639282227)","(35.675289154052734, 20.768457412719727, 1.0006489753723145)"
"(-68.73887634277344, -38.98043441772461, 26.6291561126709)","(36.11175537109375, 20.865581512451172, 1.0107605457305908)"
"(-72.56938934326172, -41.17312240600586, 28.011558532714844)","(36.548194885253906, 20.96269989013672, 1.0099828243255615)"
"(-76.39990997314453, -43.36581039428711, 29.383071899414062)","(36.98434829711914, 21.059776306152344, 1.0016274452209473)"
"(-80.23042297363281, -45.558502197265625, 30.743696212768555)","(37.41805648803711, 21.156526565551758, 1.012181043624878)"
"(-84.06094360351562, -47.751190185546875, 32.09343338012695)","(37.85174560546875, 21.253273010253906, 1.011845350265503)"
"(-87.8914566040039, -49.94388198852539, 33.43227767944336)","(38.28538131713867, 21.35010528564453, 1.0012438297271729)"
"(-91.72197723388672, -52.13656997680664, 34.76023483276367)","(38.71821212768555, 21.446916580200195, 0.9977049231529236)"
"(-95.552490234375, -54.32925796508789, 36.07730484008789)","(39.15098190307617, 21.543607711791992, 0.9977049231529236)"
"(-99.38301086425781, -56.521949768066406, 37.38348388671875)","(39.5829963684082, 21.639934539794922, 1.006467342376709)"
"(-103.2135238647461, -58.714637756347656, 38.678775787353516)","(40.014495849609375, 21.735862731933594, 1.012078881263733)"
"(-107.0440444946289, -60.90732955932617, 39.96318054199219)","(40.44597244262695, 21.831785202026367, 1.0068014860153198)"
"(-110.87455749511719, -63.10001754760742, 41.2366943359375)","(40.87752914428711, 21.927568435668945, 0.9977049231529236)"
"(-114.705078125, -65.29270935058594, 42.49931716918945)","(41.30836486816406, 22.022979736328125, 1.0066394805908203)"
"(-118.53559112548828, -67.48539733886719, 43.75105285644531)","(41.73908996582031, 22.11836051940918, 1.0062220096588135)"
"(-122.3661117553711, -69.67808532714844, 44.99190139770508)","(42.16959762573242, 22.21381378173828, 0.9983304738998413)"
"(-126.19662475585938, -71.87077331542969, 46.221858978271484)","(42.599205017089844, 22.309288024902344, 1.0028116703033447)"
"(-130.0271453857422, -74.06346893310547, 47.44092559814453)","(43.02863311767578, 22.40472984313965, 0.9986752271652222)"
"(-133.85765075683594, -76.25615692138672, 48.649105072021484)","(43.457550048828125, 22.500347137451172, 0.997596025466919)"
"(-137.68817138671875, -78.44884490966797, 49.846397399902344)","(43.88587188720703, 22.595762252807617, 1.0050307512283325)"
"(-141.51869201660156, -80.64153289794922, 51.032798767089844)","(44.313926696777344, 22.691083908081055, 1.006439447402954)"
"(-145.34921264648438, -82.83422088623047, 52.20831298828125)","(44.74182891845703, 22.78645896911621, 0.9985374808311462)"
"(-149.17971801757812, -85.02691650390625, 53.3729362487793)","(45.168087005615234, 22.881412506103516, 1.0087687969207764)"
"(-153.01023864746094, -87.2196044921875, 54.52667236328125)","(45.594200134277344, 22.976221084594727, 1.0099914073944092)"
"(-156.84075927734375, -89.41229248046875, 55.66952133178711)","(46.02029037475586, 23.071025848388672, 1.0003254413604736)"
"(-160.67127990722656, -91.60498046875, 56.80147933959961)","(46.446495056152344, 23.16547203063965, 1.0021589994430542)"
"(-164.5017852783203, -93.79766845703125, 57.92254638671875)","(46.871307373046875, 23.260000228881836, 1.017895221710205)"
"(-168.33230590820312, -95.99036407470703, 59.0327262878418)","(47.29610061645508, 23.354524612426758, 1.0227421522140503)"
"(-172.16282653808594, -98.18305206298828, 60.13201904296875)","(47.72087097167969, 23.449045181274414, 1.0167001485824585)"
"(-175.99334716796875, -100.37574005126953, 61.220420837402344)","(48.14558410644531, 23.54352378845215, 1.0018497705459595)"
"(-179.8238525390625, -102.56842803955078, 62.297935485839844)","(48.569923400878906, 23.637590408325195, 0.9987969398498535)"
"(-183.6543731689453, -104.76111602783203, 63.364559173583984)","(48.994041442871094, 23.731504440307617, 1.000680923461914)"
"(-187.48489379882812, -106.95381164550781, 64.42029571533203)","(49.41610336303711, 23.825279235839844, 1.016559362411499)"
"(-191.31541442871094, -109.14649963378906, 65.46514129638672)","(49.83814239501953, 23.919048309326172, 1.0215483903884888)"
"(-195.1459197998047, -111.33918762207031, 66.49909973144531)","(50.26016616821289, 24.0128116607666, 1.0156484842300415)"
"(-198.9764404296875, -113.53187561035156, 67.52217102050781)","(50.682159423828125, 24.10658836364746, 0.9995402693748474)"
"(-202.8069610595703, -115.72456359863281, 68.53434753417969)","(51.10409927368164, 24.200511932373047, 0.99983811378479)"
"(-206.63748168945312, -117.9172592163086, 69.53563690185547)","(51.525272369384766, 24.293956756591797, 1.0053484439849854)"
"(-210.46798706054688, -120.10994720458984, 70.52603912353516)","(51.92341232299805, 24.324262619018555, 1.015156626701355)"
"(-214.2985076904297, -122.3026351928711, 71.50555419921875)","(52.31905746459961, 24.347604751586914, 1.0144609212875366)"
"(-218.1290283203125, -124.49532318115234, 72.47418212890625)","(52.714683532714844, 24.37094497680664, 1.00287663936615)"
"(-221.9595489501953, -126.68801879882812, 73.43191528320312)","(53.113155364990234, 24.402250289916992, 0.9977049231529236)"
"(-225.79005432128906, -128.88070678710938, 74.3787612915039)","(53.514732360839844, 24.4403133392334, 1.0066335201263428)"
"(-229.62057495117188, -131.07339477539062, 75.3147201538086)","(53.91636276245117, 24.479467391967773, 1.014892339706421)"
"(-233.4510955810547, -133.26608276367188, 76.23979187011719)","(53.909481048583984, 24.671642303466797, 1.078892469406128)"
"(-237.2816162109375, -135.45877075195312, 77.15396881103516)","(53.727542877197266, 24.92938804626465, 1.1605559587478638)"
"(-241.11212158203125, -137.65145874023438, 78.05725860595703)","(53.55524444580078, 25.163631439208984, 1.2306814193725586)"
"(-244.94264221191406, -139.84414672851562, 78.94966125488281)","(53.48657989501953, 25.156230926513672, 1.2854448556900024)"
"(-248.77316284179688, -142.03683471679688, 79.8311767578125)","(53.43071746826172, 25.125967025756836, 1.3307777643203735)"
"(-252.60366821289062, -144.2295379638672, 80.70179748535156)","(53.375308990478516, 25.09488868713379, 1.3656435012817383)"
"(-256.4342041015625, -146.42222595214844, 81.56153869628906)","(53.31996536254883, 25.063697814941406, 1.3896774053573608)"
"(-260.26470947265625, -148.6149139404297, 82.41038513183594)","(53.26462173461914, 25.03250503540039, 1.40282142162323)"
"(-264.09521484375, -150.80760192871094, 83.24833679199219)","(53.20928192138672, 25.00131607055664, 1.405076026916504)"
"(-267.9257507324219, -153.0002899169922, 84.07540893554688)","(53.15394592285156, 24.970129013061523, 1.3964420557022095)"
"(-271.7562561035156, -155.19297790527344, 84.89158630371094)","(53.09861373901367, 24.938941955566406, 1.3769197463989258)"
"(-275.5867614746094, -157.3856658935547, 85.6968765258789)","(53.04328155517578, 24.907756805419922, 1.3465098142623901)"
"(-279.41729736328125, -159.57835388183594, 86.49127960205078)","(52.987953186035156, 24.87657356262207, 1.3052127361297607)"
"(-283.247802734375, -161.7710418701172, 87.27479553222656)","(52.9326286315918, 24.84539222717285, 1.2530291080474854)"
"(-287.0783386230469, -163.9637451171875, 88.04741668701172)","(52.8773078918457, 24.814212799072266, 1.1899594068527222)"
"(-290.9088439941406, -166.15643310546875, 88.80915832519531)","(52.82198715209961, 24.78303337097168, 1.116004228591919)"
"(-294.7393493652344, -168.34912109375, 89.56000518798828)","(52.76667022705078, 24.751855850219727, 1.0311640501022339)"
"(-298.56988525390625, -170.54180908203125, 90.29995727539062)","(52.7408332824707, 24.739431381225586, 1.011044979095459)"
"(-302.400390625, -172.7344970703125, 91.0290298461914)","(52.734317779541016, 24.736181259155273, 1.0305418968200684)"
"(-306.23089599609375, -174.92718505859375, 91.74720764160156)","(52.72783279418945, 24.73255157470703, 1.0391513109207153)"
"(-310.0614318847656, -177.119873046875, 92.45449829101562)","(52.72134780883789, 24.72892189025879, 1.0368715524673462)"
"(-313.8919372558594, -179.31256103515625, 93.1509017944336)","(52.71486282348633, 24.72529411315918, 1.0237033367156982)"
"(-317.72247314453125, -181.5052490234375, 93.83641815185547)","(52.70838165283203, 24.721664428710938, 0.9996471405029297)"
"(-321.552978515625, -183.69793701171875, 94.51103973388672)","(52.72077178955078, 24.728599548339844, 1.0187267065048218)"
"(-325.38348388671875, -185.89064025878906, 95.17477416992188)","(52.73525619506836, 24.73670768737793, 1.03291916847229)"
"(-329.2140197753906, -188.0833282470703, 95.82762145996094)","(52.7497444152832, 24.744815826416016, 1.036222219467163)"
"(-333.0445251464844, -190.27601623535156, 96.4695816040039)","(52.76422882080078, 24.7529239654541, 1.0286364555358887)"
"(-336.8750305175781, -192.4687042236328, 97.10064697265625)","(52.77871322631836, 24.761030197143555, 1.0101624727249146)"
"(-340.70556640625, -194.66139221191406, 97.72083282470703)","(52.79573059082031, 24.77055549621582, 1.0094324350357056)"
"(-344.53607177734375, -196.8540802001953, 98.33012390136719)","(52.81528091430664, 24.7814998626709, 1.0264447927474976)"
"(-348.3666076660156, -199.04676818847656, 98.92852020263672)","(52.834835052490234, 24.792442321777344, 1.0325675010681152)"
"(-352.1971130371094, -201.2394561767578, 99.51603698730469)","(52.85438537597656, 24.80338478088379, 1.0278013944625854)"
"(-356.0276184082031, -203.43214416503906, 100.09265899658203)","(52.873931884765625, 24.814327239990234, 1.0121468305587769)"
"(-359.858154296875, -205.6248321533203, 100.65839385986328)","(52.893558502197266, 24.825023651123047, 1.0035607814788818)"
"(-363.68865966796875, -207.81753540039062, 101.21324157714844)","(52.913360595703125, 24.835147857666016, 1.0259836912155151)"
"(-367.5191650390625, -210.01022338867188, 101.7572021484375)","(52.93316650390625, 24.845272064208984, 1.0375168323516846)"
"(-371.3497009277344, -212.20291137695312, 102.29026794433594)","(52.95296859741211, 24.85539436340332, 1.038160800933838)"
"(-375.1802062988281, -214.39559936523438, 102.81244659423828)","(52.9727668762207, 24.86551856994629, 1.0279159545898438)"
"(-379.0107116699219, -216.58828735351562, 103.32373809814453)","(52.99256896972656, 24.875640869140625, 1.006783127784729)"
"(-382.84124755859375, -218.78097534179688, 103.82414245605469)","(53.01250457763672, 24.88603401184082, 0.9977049231529236)"
"(-386.6717529296875, -220.97366333007812, 104.31365966796875)","(53.032470703125, 24.896495819091797, 0.9977049231529236)"
"(-390.5022888183594, -223.16635131835938, 104.79228210449219)","(53.05244064331055, 24.90695571899414, 0.9977049231529236)"
"(-394.3327941894531, -225.35903930664062, 105.26001739501953)","(53.07240676879883, 24.917415618896484, 0.9977049231529236)"
"(-398.1632995605469, -227.55172729492188, 105.71686553955078)","(53.09217834472656, 24.928125381469727, 0.9976404309272766)"
"(-401.99383544921875, -229.7444305419922, 106.1628189086914)","(53.1119384765625, 24.93855094909668, 0.9976533055305481)"
"(-405.8243408203125, -231.93711853027344, 106.59789276123047)","(53.13188171386719, 24.948637008666992, 0.9971811771392822)"
"(-409.65484619140625, -234.1298065185547, 107.0220718383789)","(53.152164459228516, 24.95842933654785, 0.9962096214294434)"
"(-413.4853820800781, -236.32249450683594, 107.43536376953125)","(53.17293930053711, 24.967966079711914, 0.9947088956832886)"
"(-417.3158874511719, -238.5151824951172, 107.83776092529297)","(53.194366455078125, 24.977291107177734, 0.9926332235336304)"
"(-421.14642333984375, -240.70787048339844, 108.22927856445312)","(53.21660614013672, 24.986438751220703, 0.9899192452430725)"
"(-424.9769287109375, -242.9005584716797, 108.60990142822266)","(53.23981475830078, 24.99544334411621, 0.9864846467971802)"
"(-428.80743408203125, -245.09324645996094, 108.9796371459961)","(53.264156341552734, 25.004337310791016, 0.9822255373001099)"
"(-432.6379699707031, -247.2859344482422, 109.33848571777344)","(53.289798736572266, 25.013147354125977, 0.9770140051841736)"
"(-436.4684753417969, -249.4786376953125, 109.68643951416016)","(53.316898345947266, 25.02189826965332, 0.9706945419311523)"
"(-440.2989807128906, -251.67132568359375, 110.02351379394531)","(53.34562301635742, 25.030611038208008, 0.9630804657936096)"
"(-444.1295166015625, -253.864013671875, 110.34969329833984)","(53.37612533569336, 25.039297103881836, 0.9539492130279541)"
"(-447.96002197265625, -256.05670166015625, 110.66498565673828)","(53.40855407714844, 25.04796600341797, 0.9430375099182129)"
"(-451.7905578613281, -258.2493896484375, 110.9693832397461)","(53.44303894042969, 25.056617736816406, 0.9300358891487122)"
"(-455.6210632324219, -260.44207763671875, 111.26289367675781)","(53.479698181152344, 25.065235137939453, 0.9145829677581787)"
"(-459.4515686035156, -262.634765625, 111.54552459716797)","(53.51860809326172, 25.073795318603516, 0.8962596654891968)"
"(-463.2821044921875, -264.82745361328125, 111.8172607421875)","(53.55980682373047, 25.08225440979004, 0.8745834827423096)"
"(-467.11260986328125, -267.0201416015625, 112.0781021118164)","(53.60327911376953, 25.090543746948242, 0.8490041494369507)"
"(-470.943115234375, -269.21282958984375, 112.32806396484375)","(53.64892578125, 25.09856605529785, 0.8189008235931396)"
"(-474.7736511230469, -271.405517578125, 112.56713104248047)","(53.69655227661133, 25.106191635131836, 0.7835822701454163)"
"(-478.6041564941406, -273.59820556640625, 112.7953109741211)","(53.745887756347656, 25.113325119018555, 0.7422199845314026)"
"(-482.4346618652344, -275.7908935546875, 113.01260375976562)","(53.79670333862305, 25.12010955810547, 0.6936059594154358)"
"(-486.26519775390625, -277.98358154296875, 113.21900177001953)","(53.84854507446289, 25.126724243164062, 0.636235773563385)"
"(-490.095703125, -280.17626953125, 113.41452026367188)","(53.900672912597656, 25.1333065032959, 0.5685074925422668)"
"(-493.9262390136719, -282.3689880371094, 113.5991439819336)","(53.952796936035156, 25.1398868560791, 0.489895761013031)"
"(-497.7567443847656, -284.5616760253906, 113.77288055419922)","(54.004920959472656, 25.146465301513672, 0.4003993272781372)"
"(-501.5872497558594, -286.7543640136719, 113.93572235107422)","(54.05704116821289, 25.153045654296875, 0.3000187277793884)"
"(-505.41778564453125, -288.9470520019531, 114.08768463134766)","(54.10915756225586, 25.159624099731445, 0.18875451385974884)"
"(-509.248291015625, -291.1397399902344, 114.22875213623047)","(54.16127395629883, 25.16620445251465, 0.06660722941160202)"
"(-513.0787963867188, -293.3324279785156, 114.35893249511719)","(54.21338653564453, 25.17278289794922, -0.06642259657382965)"
"(-516.9093017578125, -295.5251159667969, 114.47822570800781)","(54.26549530029297, 25.17936134338379, -0.2103344053030014)"
"(-520.7398681640625, -297.7178039550781, 114.58662414550781)","(54.317604064941406, 25.185937881469727, -0.36512765288352966)"
"(-524.5703735351562, -299.9104919433594, 114.68413543701172)","(54.36970901489258, 25.192516326904297, -0.5308018326759338)"
"(-528.40087890625, -302.1031799316406, 114.77075958251953)","(54.421810150146484, 25.199092864990234, -0.707356333732605)"
"(-532.2313842773438, -304.2958679199219, 114.84649658203125)","(54.47391128540039, 25.205671310424805, -0.8947906494140625)"
"(-536.0618896484375, -306.4885559082031, 114.91134643554688)","(54.51384735107422, 25.21666145324707, -1.0876275300979614)"
"(-539.8924560546875, -308.6812438964844, 114.96530151367188)","(54.519752502441406, 25.239486694335938, -1.2760803699493408)"
"(-543.7229614257812, -310.8739318847656, 115.00836944580078)","(54.5236930847168, 25.262800216674805, -1.4745547771453857)"
"(-547.553466796875, -313.0666198730469, 115.0405502319336)","(54.525787353515625, 25.286298751831055, -1.6831204891204834)"
"(-551.3839721679688, -315.2593078613281, 115.06184387207031)","(54.527244567871094, 25.309858322143555, -1.9022918939590454)"
"(-555.2144775390625, -317.4519958496094, 115.0722427368164)","(54.52537536621094, 25.33338737487793, -2.130927085876465)"
"(-559.0449829101562, -319.6446838378906, 115.0717544555664)","(54.52275466918945, 25.35689926147461, -2.3701205253601074)"
"(-562.8755493164062, -321.8373718261719, 115.06037902832031)","(54.519309997558594, 25.380279541015625, -2.6198344230651855)"
"(-566.7060546875, -324.03009033203125, 115.03811645507812)","(54.51409149169922, 25.4033203125, -2.87965726852417)"
"(-570.5365600585938, -326.2227783203125, 115.00496673583984)","(54.50730514526367, 25.42593765258789, -3.1496634483337402)"
"(-574.3670654296875, -328.41546630859375, 114.96092224121094)","(54.49838638305664, 25.447795867919922, -3.429577112197876)"
"(-578.1975708007812, -330.608154296875, 114.90599060058594)","(54.48879623413086, 25.46937370300293, -3.72005558013916)"
"(-582.0281372070312, -332.80084228515625, 114.84017181396484)","(54.47726058959961, 25.489917755126953, -4.020469665527344)"
"(-585.858642578125, -334.9935302734375, 114.76346588134766)","(54.464595794677734, 25.509721755981445, -4.331182479858398)"
"(-589.6891479492188, -337.18621826171875, 114.67586517333984)","(54.45072937011719, 25.528667449951172, -4.652140140533447)"
"(-593.5196533203125, -339.37890625, 114.57737731933594)","(54.43566131591797, 25.546648025512695, -4.9833149909973145)"
"(-597.3501586914062, -341.57159423828125, 114.46800231933594)","(54.419212341308594, 25.563344955444336, -5.324557781219482)"
"(-601.1806640625, -343.7642822265625, 114.34774017333984)","(54.4016227722168, 25.57879638671875, -5.675952434539795)"
"(-605.01123046875, -345.95697021484375, 114.21658325195312)","(54.3830680847168, 25.59303855895996, -6.037559509277344)"
"(-608.8417358398438, -348.149658203125, 114.07453918457031)","(54.363731384277344, 25.606168746948242, -6.409458160400391)"
"(-612.6722412109375, -350.34234619140625, 113.9216079711914)","(54.343387603759766, 25.61756706237793, -6.791372299194336)"
"(-616.5027465820312, -352.5350341796875, 113.7577896118164)","(54.31837463378906, 25.62946128845215, -6.867774486541748)"
"(-620.333251953125, -354.72772216796875, 113.58308410644531)","(54.286338806152344, 25.641578674316406, -6.481717109680176)"
"(-624.163818359375, -356.92041015625, 113.3974838256836)","(54.258323669433594, 25.639732360839844, -6.11332893371582)"
"(-627.9943237304688, -359.11309814453125, 113.20099639892578)","(54.235084533691406, 25.626312255859375, -5.761538982391357)"
"(-631.8248291015625, -361.3057861328125, 112.99362182617188)","(54.211849212646484, 25.61289405822754, -5.420654773712158)"
"(-635.6553344726562, -363.49847412109375, 112.77536010742188)","(54.18861770629883, 25.599475860595703, -5.090676784515381)"
"(-639.48583984375, -365.691162109375, 112.54620361328125)","(54.16552734375, 25.58590316772461, -4.771707057952881)"
"(-643.31640625, -367.8838806152344, 112.30615997314453)","(54.14630126953125, 25.56815528869629, -4.466302394866943)"
"(-647.1469116210938, -370.0765686035156, 112.05522918701172)","(54.128578186035156, 25.548921585083008, -4.172763824462891)"
"(-650.9774169921875, -372.2692565917969, 111.79341125488281)","(54.11277770996094, 25.5280818939209, -3.891265630722046)"
"(-654.8079223632812, -374.4619445800781, 111.52069854736328)","(54.098140716552734, 25.50642967224121, -3.621316432952881)"
"(-658.638427734375, -376.6546325683594, 111.23710632324219)","(54.085601806640625, 25.483552932739258, -3.3633713722229004)"
"(-662.4689331054688, -378.8473205566406, 110.94261932373047)","(54.07468795776367, 25.459922790527344, -3.117140531539917)"
"(-666.2994995117188, -381.0400085449219, 110.63724517822266)","(54.065330505371094, 25.43568229675293, -2.8825714588165283)"
"(-670.1300048828125, -383.2326965332031, 110.32097625732422)","(54.05758285522461, 25.410884857177734, -2.659675121307373)"
"(-673.9605102539062, -385.4253845214844, 109.99382781982422)","(54.05235290527344, 25.385496139526367, -2.4488508701324463)"
"(-677.791015625, -387.6180725097656, 109.6557846069336)","(54.04811477661133, 25.359926223754883, -2.2493839263916016)"
"(-681.6215209960938, -389.8107604980469, 109.30685424804688)","(54.04658508300781, 25.33405303955078, -2.0620484352111816)"
"(-685.4520874023438, -392.0034484863281, 108.94702911376953)","(54.04600143432617, 25.308088302612305, -1.8860423564910889)"
"(-689.2825927734375, -394.1961364746094, 108.57632446289062)","(54.0488395690918, 25.282182693481445, -1.72248113155365)"
"(-693.1130981445312, -396.3888244628906, 108.1947250366211)","(54.05228042602539, 25.256362915039062, -1.570094108581543)"
